,0
שם_ישוב,שם_ישוב_לועזי
אבו ג'ווייעד (שבט),ABU JUWEI'ID
אבו גוש,ABU GHOSH
אבו סנאן,ABU SINAN
אבו סריחאן (שבט),ABU SUREIHAN
אבו עבדון (שבט),ABU  ABDUN
אבו עמאר (שבט),ABU  AMMAR
אבו עמרה (שבט),ABU  AMRE
אבו קורינאת (שבט),ABU QUREINAT
אבו קרינאת (יישוב),ABU QUREINAT
אבו רובייעה (שבט),ABU RUBEI'A
אבו רוקייק (שבט),ABU RUQAYYEQ
אבו תלול,
אבטין,IBTIN
אבטליון,AVTALYON
אביאל,AVI'EL
אביבים,AVIVIM
אביגדור,AVIGEDOR
אביחיל,AVIHAYIL
אביטל,AVITAL
אביעזר,AVI'EZER
אבירים,ABBIRIM
אבן יהודה,EVEN YEHUDA
אבן מנחם,EVEN MENAHEM
אבן ספיר,EVEN SAPPIR
אבן שמואל,EVEN SHEMU'EL
אבני איתן,AVNE ETAN
אבני חפץ,AVNE HEFEZ
אבנת,AVENAT
אבשלום,AVSHALOM
אדורה,ADORA
אדירים,ADDIRIM
אדמית,ADAMIT
אדרת,ADDERET
אודים,UDIM
אודם,ODEM
אוהד,OHAD
אום אל-פחם,UMM AL-FAHM
אום אל-קוטוף,UMM AL-QUTUF
אום בטין,
אומן,OMEN
אומץ,OMEZ
אופקים,OFAQIM
אור הגנוז,OR HAGANUZ
אור הנר,OR HANER
אור יהודה,OR YEHUDA
אור עקיבא,OR AQIVA
אורה,ORA
אורות,OROT
אורטל,ORTAL
אורים,URIM
אורנים,ORANIM
אורנית,ORANIT
אושה,USHA
אזור,AZOR
אחווה,AHAWA
אחוזם,AHUZZAM
אחוזת ברק,
אחיהוד,AHIHUD
אחיטוב,AHITUV
אחיסמך,AHISAMAKH
אחיעזר,AHI'EZER
אטרש (שבט),ATRASH
איבים,IBBIM
אייל,EYAL
איילת השחר,AYYELET HASHAHAR
אילון,ELON
אילות,ELOT
אילניה,ILANIYYA
אילת,ELAT
אירוס,
איתמר,ITAMAR
איתן,ETAN
איתנים,ETANIM
אכסאל,IKSAL
אל סייד,
אל-עזי,
אל-עריאן,AL-ARYAN
אל-רום,EL-ROM
אלומה,ALUMMA
אלומות,ALUMMOT
אלון הגליל,ALLON HAGALIL
אלון מורה,ELON MORE
אלון שבות,ALLON SHEVUT
אלוני אבא,ALLONE ABBA
אלוני הבשן,ALLONE HABASHAN
אלוני יצחק,ALLONE YIZHAQ
אלונים,ALLONIM
אלי-עד,ELI AL
אליאב,
אליכין,ELYAKHIN
אליפז,ELIFAZ
אליפלט,ELIFELET
אליקים,ELYAQIM
אלישיב,ELYASHIV
אלישמע,ELISHAMA
אלמגור,ALMAGOR
אלמוג,ALMOG
אלעד,
אלעזר,EL'AZAR
אלפי מנשה,ALFE MENASHE
אלקוש,ELQOSH
אלקנה,ELQANA
אמונים,EMUNIM
אמירים,AMIRIM
אמנון,AMNUN
אמציה,AMAZYA
אניעם,ANI'AM
אסד (שבט),ASAD
אספר,ASEFAR
אעבלין,I'BILLIN
אעצם (שבט),A'SAM
אפיניש (שבט),AFEINISH
אפיק,AFIQ
אפיקים,AFIQIM
אפק,AFEQ
אפרת,EFRATA
ארבל,ARBEL
ארגמן,ARGAMAN
ארז,EREZ
אריאל,ARI'EL
ארסוף,ARSUF
אשבול,ESHBOL
אשבל,NAHAL ESHBAL
אשדוד,ASHDOD
אשדות יעקב  (איחוד),ASHDOT YA'AQOV(IHUD)
אשדות יעקב  (מאוחד),ASHDOT YA'AQOV(ME'UH
אשחר,ESHHAR
אשכולות,ESHKOLOT
אשל הנשיא,ESHEL HANASI
אשלים,ASHALIM
אשקלון,ASHQELON
אשרת,ASHERAT
אשתאול,ESHTA'OL
אתגר,ETGAR
באקה אל-גרביה,
באר אורה,BE'ER ORA
באר גנים,
באר טוביה,BE'ER TUVEYA
באר יעקב,BE'ER YA'AQOV
באר מילכה,
באר שבע,BE'ER SHEVA
בארות יצחק,BE'EROT YIZHAQ
בארותיים,BE'EROTAYIM
בארי,BE'ERI
בוסתן הגליל,BUSTAN HAGALIL
בועיינה-נוג'ידאת,BU'EINE-NUJEIDAT
בוקעאתא,BUQ'ATA
בורגתה,BURGETA
בחן,BAHAN
בטחה,BITHA
ביצרון,BIZZARON
ביר אל-מכסור,BIR EL-MAKSUR
ביר הדאג',
ביריה,BIRIYYA
בית אורן,BET OREN
בית אל,BET EL
בית אלעזרי,BET EL'AZARI
בית אלפא,BET ALFA
בית אריה,BET ARYE
בית ברל,BET BERL
בית ג'ן,BEIT JANN
בית גוברין,BET GUVRIN
בית גמליאל,BET GAMLI'EL
בית דגן,BET DAGAN
בית הגדי,BET HAGADDI
בית הלוי,BET HALEVI
בית הלל,BET HILLEL
בית העמק,BET HAEMEQ
בית הערבה,BET HAARAVA
בית השיטה,BET HASHITTA
בית זיד,BET ZEID
בית זית,BET ZAYIT
בית זרע,BET ZERA
בית חורון,BET HORON
בית חירות,BET HERUT
בית חלקיה,BET HILQIYYA
בית חנן,BET HANAN
בית חנניה,BET HANANYA
בית חשמונאי,BET HASHMONAY
בית יהושע,BET YEHOSHUA
בית יוסף,BET YOSEF
בית ינאי,BET YANNAY
בית יצחק-שער חפר,BET YIZHAQ-SH. HEFER
בית לחם הגלילית,BET LEHEM HAGELILIT
בית מאיר,BET ME'IR
בית נחמיה,BET NEHEMYA
בית ניר,BET NIR
בית נקופה,BET NEQOFA
בית עובד,BET OVED
בית עוזיאל,BET UZZI'EL
בית עזרא,BET EZRA
בית עריף,BET ARIF
בית צבי,BET ZEVI
בית קמה,BET QAMA
בית קשת,BET QESHET
בית רבן,BET RABBAN
בית רימון,BET RIMMON
בית שאן,BET SHE'AN
בית שמש,BET SHEMESH
בית שערים,BET SHE'ARIM
בית שקמה,BET SHIQMA
ביתן אהרן,BITAN AHARON
ביתר עילית,BETAR ILLIT
בלפוריה,BALFURIYYA
בן זכאי,BEN ZAKKAY
בן עמי,BEN AMMI
בן שמן (כפר נוער),BEN SHEMEN(K.NO'AR)
בן שמן (מושב),BEN SHEMEN (MOSHAV)
בני ברק,BENE BERAQ
בני דקלים,BNE DKALIM
בני דרום,BENE DAROM
בני דרור,BENE DEROR
בני יהודה,BENE YEHUDA
בני נצרים,BENE NEZARIM
בני עטרות,BENE ATAROT
"בני עי""ש",BENE AYISH
בני ציון,BENE ZIYYON
בני ראם,BENE RE'EM
בניה,BENAYA
בנימינה-גבעת עדה,BINYAMINA
"בסמ""ה",BASMA
בסמת טבעון,BASMAT TAB'UN
בענה,BI NE
בצרה,BAZRA
בצת,BEZET
בקוע,BEQOA
בקעות,BEQA'OT
בר גיורא,BAR GIYYORA
בר יוחאי,BAR YOHAY
ברוכין,
ברור חיל,BEROR HAYIL
ברוש,BEROSH
ברכה,BERAKHA
ברכיה,BEREKHYA
ברעם,BAR'AM
ברק,BARAQ
ברקאי,BARQAY
ברקן,BARQAN
ברקת,BAREQET
בת הדר,BAT HADAR
בת חן,BAT HEN
בת חפר,BAT HEFER
בת חצור,BAT HAZOR
בת ים,BAT YAM
בת עין,BAT AYIN
בת שלמה,BAT SHELOMO
ג'דיידה-מכר,JUDEIDE-MAKER
ג'ולס,JULIS
ג'לג'וליה,JALJULYE
ג'נאביב (שבט),JUNNABIB
ג'סר א-זרקא,JISR AZ-ZARQA
ג'ש (גוש חלב),JISH(GUSH HALAV)
ג'ת,JAAT
גאולי תימן,GE'ULE TEMAN
גאולים,GE'ULIM
גאליה,GE'ALYA
גבולות,GEVULOT
גבים,GEVIM
גבע,GEVA
גבע בנימין,GEVA BINYAMIN
גבע כרמל,GEVA  KARMEL
גבעולים,GIV'OLIM
גבעון החדשה,GIV'ON HAHADASHA
גבעות בר,
גבעת אבני,GIV'AT AVNI
גבעת אלה,GIV'AT ELA
גבעת ברנר,GIV'AT BRENNER
גבעת השלושה,GIV'AT HASHELOSHA
גבעת זאב,GIV'AT ZE'EV
"גבעת ח""ן",GIV'AT HEN
גבעת חיים (איחוד),GIV'AT HAYYIM (IHUD)
גבעת חיים (מאוחד),GIV'AT HAYYIM(ME'UHA
גבעת יואב,GIV'AT YO'AV
גבעת יערים,GIV'AT YE'ARIM
גבעת ישעיהו,GIV'AT YESHA'YAHU
"גבעת כ""ח",GIV'AT KOAH
"גבעת ניל""י",GIV'AT NILI
גבעת עוז,GIV'AT OZ
גבעת שמואל,GIV'AT SHEMU'EL
גבעת שמש,GIV'AT SHEMESH
גבעת שפירא,GIV'AT SHAPPIRA
גבעתי,GIV'ATI
גבעתיים,GIV'ATAYIM
גברעם,GEVAR'AM
גבת,GEVAT
גדות,GADOT
גדיש,GADISH
גדעונה,GID'ONA
גדרה,GEDERA
גונן,GONEN
גורן,GOREN
גורנות הגליל,GORNOT HAGALIL
גזית,GAZIT
גזר,GEZER
גיאה,GE'A
גיבתון,GIBBETON
גיזו,GIZO
גילון,GILON
גילת,GILAT
גינוסר,GINNOSAR
גיניגר,GINNEGAR
גינתון,GINNATON
גיתה,GITTA
גיתית,GITTIT
גלאון,GAL'ON
גלגל,GILGAL
גליל ים,GELIL YAM
גלעד (אבן יצחק),EVEN YIZHAQ(GAL'ED)
גמזו,GIMZO
גן הדרום,GAN HADAROM
גן השומרון,GAN HASHOMERON
גן חיים,GAN HAYYIM
גן יאשיה,GAN YOSHIYYA
גן יבנה,GAN YAVNE
גן נר,GAN NER
גן שורק,GAN SOREQ
גן שלמה,GAN SHELOMO
גן שמואל,GAN SHEMU'EL
גנות,GANNOT
גנות הדר,GANNOT HADAR
גני הדר,GANNE HADAR
גני טל,
גני יוחנן,GANNE YOHANAN
גני מודיעין,
גני עם,GANNE AM
גני תקווה,GANNE TIQWA
געש,GA'ASH
געתון,GA'TON
גפן,GEFEN
גרופית,GEROFIT
גשור,GESHUR
גשר,GESHER
גשר הזיו,GESHER HAZIW
גת (קיבוץ),GAT(QIBBUZ)
גת רימון,GAT RIMMON
דאלית אל-כרמל,DALIYAT AL-KARMEL
דבורה,DEVORA
דבוריה,DABBURYE
דבירה,DEVIRA
דברת,DAVERAT
דגניה א',DEGANYA ALEF
דגניה ב',DEGANYA BET
"דוב""ב",DOVEV
דולב,DOLEV
דור,DOR
דורות,DOROT
דחי,DAHI
דייר אל-אסד,DEIR AL-ASAD
דייר חנא,DEIR HANNA
דייר ראפאת,DEIR RAFAT
דימונה,DIMONA
דישון,DISHON
דליה,DALIYYA
דלתון,DALTON
דמיידה,DEMEIDE
דן,DAN
דפנה,DAFNA
דקל,DEQEL
דריג'את,
האון,HAON
הבונים,HABONIM
הגושרים,HAGOSHERIM
הדר עם,HADAR AM
הוד השרון,HOD HASHARON
הודיה,HODIYYA
הודיות,HODAYOT
הוואשלה (שבט),HAWASHLA
הוזייל (שבט),HUZAYYEL
הושעיה,HOSHA'AYA
הזורע,HAZOREA
הזורעים,HAZORE'IM
החותרים,HAHOTERIM
היוגב,HAYOGEV
הילה,HILLA
המעפיל,HAMA'PIL
הסוללים,HASOLELIM
העוגן,HAOGEN
הר אדר,HAR ADAR
הר גילה,HAR GILLO
הר עמשא,HAR AMASA
הראל,HAR'EL
הרדוף,HARDUF
הרצליה,HERZELIYYA
הררית,HARARIT
ורד יריחו,WERED YERIHO
ורדון,WARDON
זבארגה (שבט),ZABARGA
זבדיאל,ZAVDI'EL
זוהר,ZOHAR
זיקים,ZIQIM
זיתן,ZETAN
זכרון יעקב,ZIKHRON YA'AQOV
זכריה,ZEKHARYA
זמר,ZEMER
זמרת,ZIMRAT
זנוח,ZANOAH
זרועה,ZERU'A
זרזיר,ZARZIR
זרחיה,ZERAHYA
ח'ואלד,
ח'ואלד (שבט),KHAWALED
חבצלת השרון,HAVAZZELET HASHARON
חבר,HEVER
חברון,
חגור,HAGOR
חגי,HAGGAI
חגלה,HOGLA
חד-נס,HAD-NES
חדיד,HADID
חדרה,HADERA
חוג'ייראת (ד'הרה),HUJEIRAT (DAHRA)
חולדה,HULDA
חולון,HOLON
חולית,HOLIT
חולתה,HULATA
חוסן,HOSEN
חוסנייה,HUSSNIYYA
חופית,HOFIT
חוקוק,HUQOQ
חורה,HURA
חורפיש,HURFEISH
חורשים,HORESHIM
חזון,HAZON
חיבת ציון,HIBBAT ZIYYON
חיננית,HINNANIT
חיפה,HAIFA
חירות,HERUT
חלוץ,HALUZ
חלץ,HELEZ
חמאם,HAMAM
חמד,HEMED
חמדיה,HAMADYA
חמדת,NAHAL HEMDAT
חמרה,HAMRA
חניאל,HANNI'EL
חניתה,HANITA
חנתון,HANNATON
חספין,HASPIN
חפץ חיים,HAFEZ HAYYIM
חפצי-בה,HEFZI-BAH
חצב,HAZAV
חצבה,HAZEVA
חצור הגלילית,HAZOR HAGELILIT
חצור-אשדוד,HAZOR-ASHDOD
חצר בארותיים,HAZAR BE'EROTAYIM
חצרות חולדה,HAZROT HULDA
חצרות יסף,HAZROT YASAF
"חצרות כ""ח",HAZROT KOAH
חצרים,HAZERIM
חרב לאת,HEREV LE'ET
חרוצים,HARUZIM
חריש,HARISH
חרמש,HERMESH
חרשים,HARASHIM
חשמונאים,HASHMONA'IM
טבריה,TIBERIAS
טובא-זנגריה,TUBA-ZANGARIYYE
טורעאן,TUR'AN
טייבה,TAYIBE
טייבה (בעמק),TAYIBE(BAEMEQ)
טירה,TIRE
טירת יהודה,TIRAT YEHUDA
טירת כרמל,TIRAT KARMEL
טירת צבי,TIRAT ZEVI
טל שחר,TAL SHAHAR
טל-אל,TAL-EL
טללים,TELALIM
טלמון,TALMON
טמרה,TAMRA
טמרה (יזרעאל),TAMRA (YIZRE'EL)
טנא,TENE
טפחות,TEFAHOT
יאנוח-ג'ת,YANUH-JAT
יבול,YEVUL
יבנאל,YAVNE'EL
יבנה,YAVNE
יגור,YAGUR
יגל,YAGEL
יד בנימין,YAD BINYAMIN
יד השמונה,YAD HASHEMONA
יד חנה,YAD HANNA
יד מרדכי,YAD MORDEKHAY
יד נתן,YAD NATAN
"יד רמב""ם",YAD RAMBAM
ידידה,YEDIDA
יהוד-מונוסון,YEHUD-MONOSON
יהל,YAHEL
יובל,YUVAL
יובלים,YUVALIM
יודפת,YODEFAT
יונתן,YONATAN
יושיביה,YOSHIVYA
יזרעאל,YIZRE'EL
יחיעם,YEHI'AM
יטבתה,YOTVATA
"ייט""ב",YITAV
יכיני,YAKHINI
ינוב,YANUV
ינון,YINNON
יסוד המעלה,YESUD HAMA'ALA
יסודות,YESODOT
יסעור,YAS'UR
יעד,YA'AD
יעל,YA'EL
יעף,YE'AF
יערה,YA'ARA
יפיע,YAFI
יפית,YAFIT
יפעת,YIF'AT
יפתח,YIFTAH
יצהר,YIZHAR
יציץ,YAZIZ
יקום,YAQUM
יקיר,YAQIR
יקנעם (מושבה),YOQNE'AM(MOSHAVA)
יקנעם עילית,YOQNE'AM ILLIT
יראון,YIR'ON
ירדנה,YARDENA
ירוחם,YEROHAM
ירושלים,JERUSALEM
ירחיב,YARHIV
ירכא,YIRKA
ירקונה,YARQONA
ישע,YESHA
ישעי,YISH'I
ישרש,YASHRESH
יתד,YATED
יתיר,
כאבול,KABUL
כאוכב אבו אל-היג'א,KAOKAB ABU AL-HIJA
כברי,KABRI
כדורי,KADOORIE
כדיתה,
כוכב השחר,KOKHAV HASHAHAR
כוכב יאיר,KOKHAV YA'IR
כוכב יעקב,KOKHAV YA'AQOV
כוכב מיכאל,KOKHAV MIKHA'EL
כורזים,KORAZIM
כחל,KAHAL
כחלה,
כיסופים,KISSUFIM
כישור,KISHOR
כליל,KELIL
כלנית,KALLANIT
כמאנה,
כמהין,KEMEHIN
כמון,KAMMON
כנות,KANNOT
כנף,KANAF
כנרת (מושבה),KINNERET(MOSHAVA)
כנרת (קבוצה),KINNERET(QEVUZA)
כסיפה,KUSEIFE
כסלון,KESALON
כסרא-סמיע,KISRA-SUMEI
כעביה-טבאש-חג'אג'רה,KA'ABIYYE-TABBASH-HA
כפר אביב,KEFAR AVIV
כפר אדומים,KEFAR ADUMMIM
כפר אוריה,KEFAR URIYYA
כפר אחים,KEFAR AHIM
כפר ביאליק,KEFAR BIALIK
"כפר ביל""ו",KEFAR BILU
כפר בלום,KEFAR BLUM
כפר בן נון,KEFAR BIN NUN
כפר ברא,KAFAR BARA
כפר ברוך,KEFAR BARUKH
כפר גדעון,KEFAR GID'ON
כפר גלים,KEFAR GALLIM
כפר גליקסון,KEFAR GLIKSON
כפר גלעדי,KEFAR GIL'ADI
כפר דניאל,KEFAR DANIYYEL
כפר האורנים,KEFAR HAORANIM
כפר החורש,KEFAR HAHORESH
כפר המכבי,KEFAR HAMAKKABI
כפר הנגיד,KEFAR HANAGID
כפר הנוער הדתי,KEFAR HANO'AR HADATI
כפר הנשיא,KEFAR HANASI
כפר הס,KEFAR HESS
"כפר הרא""ה",KEFAR HARO'E
"כפר הרי""ף",KEFAR HARIF
כפר ויתקין,KEFAR VITKIN
כפר ורבורג,KEFAR WARBURG
כפר ורדים,KEFAR WERADIM
כפר זוהרים,KEFAR ZOHARIM
כפר זיתים,KEFAR ZETIM
"כפר חב""ד",KEFAR HABAD
כפר חושן,KEFAR HOSHEN
כפר חיטים,KEFAR HITTIM
כפר חיים,KEFAR HAYYIM
כפר חנניה,KEFAR HANANYA
כפר חסידים א',KEFAR HASIDIM ALEF
כפר חסידים ב',KEFAR HASIDIM BET
כפר חרוב,KEFAR HARUV
כפר טרומן,KEFAR TRUMAN
כפר יאסיף,KAFAR YASIF
כפר ידידיה,YEDIDYA
כפר יהושע,KEFAR YEHOSHUA
כפר יונה,KEFAR YONA
כפר יחזקאל,KEFAR YEHEZQEL
כפר יעבץ,KEFAR YA'BEZ
כפר כמא,KAFAR KAMA
כפר כנא,KAFAR KANNA
כפר מונש,KEFAR MONASH
כפר מימון,KEFAR MAYMON
"כפר מל""ל",KEFAR MALAL
כפר מנדא,KAFAR MANDA
כפר מנחם,KEFAR MENAHEM
כפר מסריק,KEFAR MASARYK
כפר מצר,KAFAR MISR
כפר מרדכי,KEFAR MORDEKHAY
כפר נטר,KEFAR NETTER
כפר סאלד,KEFAR SZOLD
כפר סבא,KEFAR SAVA
כפר סילבר,KEFAR SILVER
כפר סירקין,KEFAR SIRKIN
כפר עבודה,KEFAR AVODA
כפר עזה,KEFAR AZZA
כפר עציון,KEFAR EZYON
כפר פינס,KEFAR PINES
כפר קאסם,KAFAR QASEM
כפר קיש,KEFAR KISH
כפר קרע,KAFAR QARA
כפר ראש הנקרה,KEFAR ROSH HANIQRA
כפר רוזנואלד (זרעית),KEFAR ROZENWALD(ZAR.
כפר רופין,KEFAR RUPPIN
כפר רות,KEFAR RUT
כפר שמאי,KEFAR SHAMMAY
כפר שמואל,KEFAR SHEMU'EL
כפר שמריהו,KEFAR SHEMARYAHU
כפר תבור,KEFAR TAVOR
כפר תפוח,KEFAR TAPPUAH
כרי דשא,KARE DESHE
כרכום,KARKOM
כרם בן זמרה,KEREM BEN ZIMRA
כרם בן שמן,KEREM BEN SHEMEN
כרם יבנה (ישיבה),KEREM YAVNE(YESHIVA)
"כרם מהר""ל",KEREM MAHARAL
כרם שלום,KEREM SHALOM
כרמי יוסף,KARME YOSEF
כרמי צור,KARME ZUR
כרמי קטיף,
כרמיאל,KARMI'EL
כרמיה,KARMIYYA
כרמים,KERAMIM
כרמל,KARMEL
לא רשום,
לבון,LAVON
לביא,LAVI
לבנים,LIVNIM
להב,LAHAV
להבות הבשן,LAHAVOT HABASHAN
להבות חביבה,LAHAVOT HAVIVA
להבים,LEHAVIM
לוד,LOD
לוזית,LUZIT
לוחמי הגיטאות,LOHAME HAGETA'OT
לוטם,LOTEM
לוטן,LOTAN
לימן,LIMAN
לכיש,LAKHISH
לפיד,LAPPID
לפידות,LAPPIDOT
לקיה,LAQYE
מאור,MA'OR
מאיר שפיה,ME'IR SHEFEYA
מבוא ביתר,MEVO BETAR
מבוא דותן,MEVO DOTAN
מבוא חורון,MEVO HORON
מבוא חמה,MEVO HAMMA
מבוא מודיעים,MEVO MODI'IM
מבואות ים,MEVO'OT YAM
מבואות יריחו,
מבועים,MABBU'IM
מבטחים,MIVTAHIM
מבקיעים,MAVQI'IM
מבשרת ציון,MEVASSERET ZIYYON
מג'ד אל-כרום,MAJD AL-KURUM
מג'דל שמס,MAJDAL SHAMS
מגאר,MUGHAR
מגדים,MEGADIM
מגדל,MIGDAL
מגדל העמק,MIGDAL HAEMEQ
מגדל עוז,MIGDAL OZ
מגדלים,MIGDALIM
מגידו,MEGIDDO
מגל,MAGGAL
מגן,MAGEN
מגן שאול,MAGEN SHA'UL
מגשימים,MAGSHIMIM
מדרך עוז,MIDRAKH OZ
מדרשת בן גוריון,MIDRESHET BEN GURION
מדרשת רופין,MIDRESHET RUPPIN
מודיעין עילית,MODI'IN ILLIT
מודיעין-מכבים-רעות,MODI'IN-MAKKABBIM-RE
מולדת,MOLEDET
מוצא עילית,MOZA ILLIT
מוקייבלה,MUQEIBLE
מורן,MORAN
מורשת,MORESHET
מזור,MAZOR
מזכרת בתיה,MAZKERET BATYA
מזרע,MIZRA
מזרעה,MAZRA'A
מחולה,MEHOLA
מחנה הילה,
מחנה טלי,
מחנה יהודית,
מחנה יוכבד,
מחנה יפה,
מחנה יתיר,MAHANE YATTIR
מחנה מרים,
מחנה תל נוף,
מחניים,MAHANAYIM
מחסיה,MAHSEYA
מטולה,METULA
מטע,MATTA
מי עמי,ME AMMI
מיטב,METAV
מייסר,MEISER
מיצר,MEZAR
מירב,MERAV
מירון,MERON
מישר,MESHAR
מיתר,METAR
מכורה,MEKHORA
מכחול,MAKCHUL
מכמורת,MIKHMORET
מכמנים,MIKHMANNIM
מלאה,MELE'A
מלילות,MELILOT
מלכיה,MALKIYYA
מלכישוע,MALKISHUA
מנוחה,MENUHA
מנוף,MANOF
מנות,MANOT
מנחמיה,MENAHEMYA
מנרה,MENNARA
מנשית זבדה,MANSHIYYET ZABDA
מסד,MASSAD
מסדה,MASSADA
מסילות,MESILLOT
מסילת ציון,MESILLAT ZIYYON
מסלול,MASLUL
מסעדה,MAS'ADE
מסעודין אל-עזאזמה,MAS'UDIN AL-'AZAZME
מעברות,MA'BAROT
מעגלים,MA'GALIM
מעגן,MA'AGAN
מעגן מיכאל,MA'AGAN MIKHA'EL
מעוז חיים,MA'OZ HAYYIM
מעון,MA'ON
מעונה,ME'ONA
מעיליא,MI'ELYA
מעין ברוך,MA'YAN BARUKH
מעין צבי,MA'YAN ZEVI
מעלה אדומים,MA'ALE ADUMMIM
מעלה אפרים,MA'ALE EFRAYIM
מעלה גלבוע,MA'ALE GILBOA
מעלה גמלא,MA'ALE GAMLA
מעלה החמישה,MA'ALE HAHAMISHA
מעלה לבונה,MA'ALE LEVONA
מעלה מכמש,MA'ALE MIKHMAS
מעלה עירון,MA'ALE IRON
מעלה עמוס,MA'ALE AMOS
מעלה שומרון,MA'ALE SHOMERON
מעלות-תרשיחא,MA'ALOT-TARSHIHA
מענית,MA'ANIT
מעש,MA'AS
מפלסים,MEFALLESIM
מצדות יהודה,MEZADOT YEHUDA
מצובה,MAZZUVA
מצליח,MAZLIAH
מצפה,MIZPA
"מצפה אבי""ב",MIZPE AVIV
מצפה אילן,
מצפה יריחו,MIZPE YERIHO
מצפה נטופה,MIZPE NETOFA
מצפה רמון,MIZPE RAMON
מצפה שלם,MIZPE SHALEM
מצר,MEZER
מקווה ישראל,MIQWE YISRA'EL
מרגליות,MARGALIYYOT
מרום גולן,MEROM GOLAN
מרחב עם,
מרחביה (מושב),MERHAVYA(MOSHAV)
מרחביה (קיבוץ),MERHAVYA(QIBBUZ)
מרכז שפירא,MERKAZ SHAPPIRA
משאבי שדה,MASH'ABBE SADE
משגב דב,MISGAV DOV
משגב עם,MISGAV AM
משהד,MESHHED
משואה,MASSU'A
משואות יצחק,MASSUOT YIZHAQ
משכיות,MASKIYYOT
משמר איילון,MISHMAR AYYALON
משמר דוד,MISHMAR DAWID
משמר הירדן,MISHMAR HAYARDEN
משמר הנגב,MISHMAR HANEGEV
משמר העמק,MISHMAR HAEMEQ
משמר השבעה,MISHMAR HASHIV'A
משמר השרון,MISHMAR HASHARON
משמרות,MISHMAROT
משמרת,MISHMERET
משען,MASH'EN
מתן,MATTAN
מתת,MATTAT
מתתיהו,MATTITYAHU
נאות גולן,NE'OT GOLAN
נאות הכיכר,NE'OT HAKIKKAR
נאות מרדכי,NE'OT MORDEKHAY
נאות סמדר,SHIZZAFON
נאעורה,NA'URA
נבטים,NEVATIM
נגבה,NEGBA
נגוהות,
נהורה,NEHORA
נהלל,NAHALAL
נהריה,NAHARIYYA
נוב,NOV
נוגה,NOGAH
נוה צוף,HALLAMISH
נווה,NAVE
נווה אבות,NEWE AVOT
נווה אור,NEWE UR
"נווה אטי""ב",NEWE ATIV
נווה אילן,NEWE ILAN
נווה איתן,NEWE ETAN
נווה דניאל,NEWE DANIYYEL
נווה זוהר,NEWE ZOHAR
נווה זיו,
נווה חריף,NEWE HARIF
נווה ים,NEWE YAM
נווה ימין,NEWE YAMIN
נווה ירק,NEWE YARAQ
נווה מבטח,NEWE MIVTAH
נווה מיכאל,NEWE MIKHA'EL
נווה שלום,NEWE SHALOM
נועם,NO'AM
נוף איילון,
נוף הגליל,NAZERAT ILLIT
נופים,NOFIM
נופית,NOFIT
נופך,NOFEKH
נוקדים,NOQEDIM
נורדיה,NORDIYYA
נורית,NURIT
נחושה,NEHUSHA
נחל עוז,NAHAL OZ
נחלה,NAHALA
נחליאל,NAHALI'EL
נחלים,NEHALIM
נחם,NAHAM
נחף,NAHEF
נחשולים,NAHSHOLIM
נחשון,NAHSHON
נחשונים,NAHSHONIM
נטועה,NETU'A
נטור,NATUR
נטע,NETA
נטעים,NETA'IM
נטף,NATAF
ניין,NEIN
"ניל""י",NILI
ניצן,NIZZAN
ניצן ב',NIZZAN B
ניצנה (קהילת חינוך),NIZZANA (QEHILAT HIN
ניצני סיני,NIZZANE SINAY
ניצני עוז,NIZZANE OZ
ניצנים,NIZZANIM
ניר אליהו,NIR ELIYYAHU
ניר בנים,NIR BANIM
ניר גלים,NIR GALLIM
ניר דוד (תל עמל),NIR DAWID (TEL AMAL)
"ניר ח""ן",NIR HEN
ניר יפה,NIR YAFE
ניר יצחק,NIR YIZHAQ
ניר ישראל,NIR YISRA'EL
ניר משה,NIR MOSHE
ניר עוז,NIR OZ
ניר עם,NIR AM
ניר עציון,NIR EZYON
ניר עקיבא,NIR AQIVA
ניר צבי,NIR ZEVI
נירים,NIRIM
נירית,NIRIT
נמרוד,
נס הרים,NES HARIM
נס עמים,NES AMMIM
נס ציונה,NES ZIYYONA
נעורים,NE'URIM
נעלה,NA'ALE
"נעמ""ה",NAAMA
נען,NA'AN
נערן,NIRAN
נצאצרה (שבט),NASASRA
נצר חזני,
נצר סרני,NEZER SERENI
נצרת,NAZARETH
נשר,NESHER
נתיב הגדוד,NETIV HAGEDUD
"נתיב הל""ה",NETIV HALAMED-HE
נתיב העשרה,NETIV HAASARA
נתיב השיירה,NETIV HASHAYYARA
נתיבות,NETIVOT
נתניה,NETANYA
סאג'ור,SAJUR
סאסא,SASA
סביון,SAVYON
סגולה,SEGULA
סואעד (חמרייה),SAWA'ID(HAMRIYYE)
סואעד (כמאנה) (שבט),SAWA'ID (KAMANE)
סולם,SULAM
סוסיה,SUSEYA
סופה,SUFA
סח'נין,SAKHNIN
סייד (שבט),SAYYID
סלמה,SALLAMA
סלעית,SAL'IT
סמר,SAMAR
סנסנה,
סעד,SA'AD
סעוה,
סער,SA'AR
ספיר,SAPPIR
סתריה,SITRIYYA
ע'ג'ר,GHAJAR
עבדון,AVDON
עברון,EVRON
עגור,AGUR
עדי,ADI
עדנים,ADANIM
עוזה,UZA
עוזייר,UZEIR
עולש,OLESH
עומר,OMER
עופר,OFER
עופרה,OFRA
עוצם,OZEM
עוקבי (בנו עוקבה),UQBI (BANU UQBA)
עזוז,EZUZ
עזר,EZER
עזריאל,AZRI'EL
עזריה,AZARYA
עזריקם,AZRIQAM
עטאוונה (שבט),ATAWNE
עטרת,ATERET
עידן,IDDAN
עיילבון,EILABUN
עיינות,AYANOT
עילוט,ILUT
עין איילה,EN AYYALA
עין אל-אסד,EIN AL-ASAD
עין גב,EN GEV
עין גדי,EN GEDI
עין דור,EN DOR
עין הבשור,EN HABESOR
עין הוד,EN HOD
עין החורש,EN HAHORESH
עין המפרץ,EN HAMIFRAZ
"עין הנצי""ב",EN HANAZIV
עין העמק,EN HAEMEQ
עין השופט,EN HASHOFET
עין השלושה,EN HASHELOSHA
עין ורד,EN WERED
עין זיוון,EN ZIWAN
עין חוד,
עין חצבה,EN HAZEVA
עין חרוד (איחוד),EN HAROD (IHUD)
עין חרוד (מאוחד),EN HAROD(ME'UHAD)
עין יהב,EN YAHAV
עין יעקב,EN YA'AQOV
"עין כרם-בי""ס חקלאי",EN KAREM-B.S.HAQLA'I
עין כרמל,EN KARMEL
עין מאהל,EIN MAHEL
עין נקובא,EIN NAQQUBA
עין עירון,EN IRON
עין צורים,EN ZURIM
עין קנייא,EIN QINIYYE
עין ראפה,EIN RAFA
עין שמר,EN SHEMER
עין שריד,EN SARID
עין תמר,EN TAMAR
עינת,ENAT
עיר אובות,IR OVOT
עכו,AKKO
עלומים,ALUMIM
עלי,ELI
עלי זהב,ALE ZAHAV
עלמה,ALMA
עלמון,ALMON
עמוקה,AMUQQA
עמיחי,
עמינדב,AMMINADAV
עמיעד,AMMI'AD
עמיעוז,AMMI'OZ
עמיקם,AMMIQAM
עמיר,AMIR
עמנואל,IMMANU'EL
עמקה,AMQA
ענב,ENAV
עספיא,ISIFYA
עפולה,AFULA
עץ אפרים,EZ EFRAYIM
עצמון שגב,ATSMON-SEGEV
עראבה,ARRABE
עראמשה,ARAMSHA
ערב אל נעים,ARRAB AL NAIM
ערד,ARAD
ערוגות,ARUGOT
ערערה,AR'ARA
ערערה-בנגב,AR'ARA-BANEGEV
עשרת,ASERET
עתלית,ATLIT
עתניאל,OTNI'EL
פארן,PARAN
פדואל,PEDU'EL
פדויים,PEDUYIM
פדיה,PEDAYA
פוריה - כפר עבודה,PORIYYA-KEFAR AVODA
פוריה - נווה עובד,PORIYYA-NEWE OVED
פוריה עילית,PORIYYA ILLIT
פוריידיס,FUREIDIS
פורת,PORAT
פטיש,PATTISH
פלך,PELEKH
פלמחים,PALMAHIM
פני חבר,PENE HEVER
פסגות,PESAGOT
פסוטה,FASSUTA
"פעמי תש""ז",PA'AME TASHAZ
פצאל,PEZA'EL
פקיעין (בוקייעה),PEQI'IN (BUQEI'A)
פקיעין חדשה,PEQI'IN HADASHA
פרדס חנה-כרכור,PARDES HANNA-KARKUR
פרדסיה,PARDESIYYA
פרוד,PAROD
פרזון,PERAZON
פרי גן,PERI GAN
פתח תקווה,PETAH TIQWA
פתחיה,PETAHYA
צאלים,ZE'ELIM
צביה,ZVIYYA
צבעון,ZIV'ON
צובה,ZOVA
צוחר,ZOHAR
צופיה,ZOFIYYA
צופים,ZUFIN
צופית,ZOFIT
צופר,ZOFAR
צוקי ים,SHOSHANNAT HAAMAQIM(
צוקים,MAHANE BILDAD
צור הדסה,ZUR HADASSA
צור יצחק,ZUR YIZHAQ
צור משה,ZUR MOSHE
צור נתן,ZUR NATAN
צוריאל,ZURI'EL
צורית,ZURIT
ציפורי,ZIPPORI
צלפון,ZELAFON
צנדלה,SANDALA
צפריה,ZAFRIYYA
צפרירים,ZAFRIRIM
צפת,ZEFAT
צרופה,ZERUFA
צרעה,ZOR'A
קבועה (שבט),QABBO'A
קבוצת יבנה,QEVUZAT YAVNE
קדומים,QEDUMIM
קדימה-צורן,QADIMA-ZORAN
קדמה,QEDMA
קדמת צבי,QIDMAT ZEVI
קדר,QEDAR
קדרון,QIDRON
קדרים,QADDARIM
קודייראת א-צאנע(שבט),QUDEIRAT AS-SANI
קוואעין (שבט),QAWA'IN
קוממיות,QOMEMIYYUT
קורנית,QORANIT
קטורה,QETURA
קיסריה,QESARIYYA
קלחים,QELAHIM
קליה,QALYA
קלנסווה,QALANSAWE
קלע,QELA
קציר,
קצר א-סר,
קצרין,QAZRIN
קרית אונו,QIRYAT ONO
קרית ארבע,QIRYAT ARBA
קרית אתא,QIRYAT ATTA
קרית ביאליק,QIRYAT BIALIK
קרית גת,QIRYAT GAT
קרית טבעון,QIRYAT TIV'ON
קרית ים,QIRYAT YAM
קרית יערים,QIRYAT YE'ARIM
קרית יערים(מוסד),QIRYAT YE'ARIM(INSTI
קרית מוצקין,QIRYAT MOTZKIN
קרית מלאכי,QIRYAT MAL'AKHI
קרית נטפים,QIRYAT NETAFIM
קרית ענבים,QIRYAT ANAVIM
קרית עקרון,QIRYAT EQRON
קרית שלמה,QIRYAT SHELOMO
קרית שמונה,QIRYAT SHEMONA
קרני שומרון,QARNE SHOMERON
קשת,QESHET
ראמה,RAME
ראס אל-עין,
ראס עלי,RAS ALI
ראש העין,ROSH HAAYIN
ראש פינה,ROSH PINNA
ראש צורים,ROSH ZURIM
ראשון לציון,RISHON LEZIYYON
רבבה,REVAVA
רבדים,REVADIM
רביבים,REVIVIM
רביד,RAVID
רגבה,REGBA
רגבים,REGAVIM
רהט,RAHAT
רווחה,REWAHA
רוויה,REWAYA
רוח מדבר,
רוחמה,RUHAMA
רומאנה,RUMMANE
רומת הייב,RUMAT HEIB
רועי,RO'I
רותם,ROTEM
רחוב,REHOV
רחובות,REHOVOT
רחלים,
ריחאניה,REIHANIYYE
ריחן,REHAN
ריינה,REINE
רימונים,RIMMONIM
רינתיה,RINNATYA
רכסים,REKHASIM
רם-און,RAM-ON
רמות,RAMOT
רמות השבים,RAMOT HASHAVIM
רמות מאיר,RAMOT ME'IR
רמות מנשה,RAMOT MENASHE
רמות נפתלי,RAMOT NAFTALI
רמלה,RAMLA
רמת גן,RAMAT GAN
רמת דוד,RAMAT DAWID
רמת הכובש,RAMAT HAKOVESH
רמת השופט,RAMAT HASHOFET
רמת השרון,RAMAT HASHARON
רמת יוחנן,RAMAT YOHANAN
רמת ישי,RAMAT YISHAY
רמת מגשימים,RAMAT MAGSHIMIM
רמת צבי,RAMAT ZEVI
רמת רזיאל,RAMAT RAZI'EL
רמת רחל,RAMAT RAHEL
רנן,RANNEN
רעים,RE'IM
רעננה,RA'ANANA
רקפת,RAQEFET
רשפון,RISHPON
רשפים,RESHAFIM
רתמים,RETAMIM
שאר ישוב,SHE'AR YASHUV
שבי דרום,
שבי ציון,SHAVE ZIYYON
שבי שומרון,SHAVE SHOMERON
שבלי - אום אל-גנם,SHIBLI
שגב-שלום,SEGEV-SHALOM
שדה אילן,SEDE ILAN
שדה אליהו,SEDE ELIYYAHU
שדה אליעזר,SEDE ELI'EZER
שדה בוקר,SEDE BOQER
שדה דוד,SEDE DAWID
שדה ורבורג,SEDE WARBURG
שדה יואב,SEDE YO'AV
שדה יעקב,SEDE YA'AQOV
שדה יצחק,SEDE YIZHAQ
שדה משה,SEDE MOSHE
שדה נחום,SEDE NAHUM
שדה נחמיה,SEDE NEHEMYA
שדה ניצן,SEDE NIZZAN
שדה עוזיהו,SEDE UZZIYYAHU
שדה צבי,SEDE ZEVI
שדות ים,SEDOT YAM
שדות מיכה,SEDOT MIKHA
שדי אברהם,SEDE AVRAHAM
שדי חמד,SEDE HEMED
שדי תרומות,SEDE TERUMOT
שדמה,SHEDEMA
שדמות דבורה,SHADMOT DEVORA
שדמות מחולה,SHADMOT MEHOLA
שדרות,SEDEROT
שואבה,SHO'EVA
שובה,SHUVA
שובל,SHOVAL
שוהם,SHOHAM
שומרה,SHOMERA
שומריה,SHOMERIYYA
שוקדה,SHOQEDA
שורש,SHORESH
שורשים,SHORASHIM
שושנת העמקים,SHOSHANNAT HAAMAQIM
שזור,SHEZOR
שחר,SHAHAR
שחרות,SHAHARUT
שיבולים,SHIBBOLIM
שיטים,NAHAL SHITTIM
שייח' דנון,SHEIKH DANNUN
שילה,SHILO
שילת,SHILAT
שכניה,SHEKHANYA
שלווה,SHALWA
שלווה במדבר,SHALVA BAMIDBAR
שלוחות,SHELUHOT
שלומי,SHELOMI
שלומית,
שמיר,SHAMIR
שמעה,SHIM'A
שמרת,SHAMERAT
שמשית,
שני,SHANI
שניר,SENIR
שעב,SHA'AB
שעורים,SE'ORIM
שעל,SHA'AL
שעלבים,SHA'ALVIM
שער אפרים,SHA'AR EFRAYIM
שער הגולן,SHA'AR HAGOLAN
שער העמקים,SHA'AR HAAMAQIM
שער מנשה,SHA'AR MENASHE
שערי תקווה,SHA'ARE TIQWA
שפיים,SHEFAYIM
שפיר,SHAFIR
שפר,SHEFER
שפרעם,SHEFAR'AM
שקד,SHAQED
שקף,SHEQEF
שרונה,SHARONA
שריגים (לי-און),LI-ON
שריד,SARID
שרשרת,SHARSHERET
שתולה,SHETULA
שתולים,SHETULIM
תאשור,TE'ASHUR
תדהר,TIDHAR
תובל,TUVAL
תומר,TOMER
תושיה,TUSHIYYA
תימורים,TIMMORIM
תירוש,TIROSH
תל אביב - יפו,TEL AVIV - YAFO
תל יוסף,TEL YOSEF
תל יצחק,TEL YIZHAQ
תל מונד,TEL MOND
תל עדשים,TEL ADASHIM
תל קציר,TEL QAZIR
תל שבע,TEL SHEVA
תל תאומים,TEL TE'OMIM
תלם,TELEM
תלמי אליהו,TALME ELIYYAHU
תלמי אלעזר,TALME EL'AZAR
"תלמי ביל""ו",TALME BILU
תלמי יוסף,TALME YOSEF
תלמי יחיאל,TALME YEHI'EL
תלמי יפה,TALME YAFE
תלמים,TELAMIM
תמרת,TIMRAT
תנובות,TENUVOT
תעוז,TA'OZ
תפרח,TIFRAH
תקומה,TEQUMA
תקוע,TEQOA
תראבין א-צאנע (שבט),TARABIN AS-SANI
תראבין א-צאנע(ישוב),
תרום,TARUM
יהוד,YEHUD
עפרה,OFRA
